Job_Title;Job_Details;Skills_Required;Salary;Location;;
Software Engineer;We are looking for a skilled Software Engineer to join our team. You will be responsible for developing and maintaining software applications, working with a cross-functional team to deliver high-quality solutions.;Java, Python, JavaScript, SQL, Agile;Salary: $90,000 - $120,000 per year;Location: San Francisco, CA;;
Data Analyst;We are seeking a Data Analyst to analyze large datasets, create insightful reports, and help drive data-driven decision-making within the company.;SQL, Excel, Data Visualization, Statistics;Salary: $70,000 - $90,000 per year;Location: New York, NY;;
Network Administrator;As a Network Administrator, you will be responsible for managing and maintaining our network infrastructure. This includes configuring routers, troubleshooting network issues, and ensuring network security.;Cisco, VPN, Network Security, Troubleshooting;Salary: $75,000 - $100,000 per year;Location: Los Angeles, CA;;
UX Designer;We are looking for a UX Designer to create intuitive and user-friendly interfaces. You will work closely with our product team to design and iterate on user experiences.;User Research, Wireframing, Prototyping, UI Design;Salary: $80,000 - $110,000 per year;Location: Austin, TX;;
Marketing Manager;The Marketing Manager will lead our marketing efforts, including developing and executing marketing campaigns, managing a team, and analyzing marketing performance metrics.;Digital Marketing, SEO, Team Leadership, Analytics;Salary: $85,000 - $120,000 per year;Location: Chicago, IL;;
DevOps Engineer;We are seeking a DevOps Engineer to automate and streamline our software deployment and infrastructure processes. You will work with CI/CD tools and cloud platforms.;Docker, Kubernetes, AWS, Jenkins;Salary: $95,000 - $130,000 per year;Location: Seattle, WA;;
Graphic Designer;The Graphic Designer will be responsible for creating visual content for our marketing materials, including graphics, illustrations, and multimedia presentations.;Adobe Creative Suite, Graphic Design, Multimedia;Salary: $60,000 - $80,000 per year;Location: Miami, FL;;
Product Manager;As a Product Manager, you will drive the development and launch of our products. You will define product features, prioritize the backlog, and work closely with engineering teams.;Product Management, Agile, Roadmapping, Stakeholder Communication;Salary: $100,000 - $140,000 per year;Location: Boston, MA;;
Financial Analyst;We are looking for a Financial Analyst to analyze financial data, prepare reports, and provide insights to support financial decision-making.;Financial Modeling, Excel, Budgeting, Financial Reporting;Salary: $75,000 - $100,000 per year;Location: Denver, CO;;
HR Specialist;The HR Specialist will manage various aspects of human resources, including recruitment, onboarding, and employee relations. You will ensure HR processes are efficient and compliant.;Recruitment, Employee Relations, HR Policies, Onboarding;Salary: $65,000 - $85,000 per year;Location: Houston, TX;;
Cloud Architect;As a Cloud Architect, you will design and implement cloud-based solutions for our organization. You should have expertise in cloud platforms and architecture best practices.;AWS, Azure, Cloud Security, Solution Design;Salary: $110,000 - $150,000 per year;Location: San Diego, CA;;
Customer Support Representative;The Customer Support Representative will provide exceptional support to our customers, resolving inquiries and issues through various communication channels.;Customer Service, Problem Solving, Communication;Salary: $45,000 - $60,000 per year;Location: Phoenix, AZ;;
Legal Counsel;We are seeking a Legal Counsel to provide legal advice and support to our organization. You will handle contract reviews, compliance, and legal matters.;Legal Research, Contract Law, Compliance, Negotiation;Salary: $90,000 - $120,000 per year;Location: Washington, D.C.;;
UI Developer;The UI Developer will be responsible for creating responsive and visually appealing user interfaces using HTML, CSS, and JavaScript frameworks.;HTML, CSS, React, Angular, Front-End Development;Salary: $70,000 - $95,000 per year;Location: Atlanta, GA;;
Accountant;The Accountant will manage financial records, perform reconciliations, and assist with financial reporting. Knowledge of accounting principles and software is required.;Accounting, QuickBooks, Financial Reporting, Reconciliation;Salary: $60,000 - $80,000 per year;Location: Dallas, TX;;